
SQL*Plus: Release 11.2.0.2.0 Production on Wed Mar 22 17:17:41 2023

Copyright (c) 1982, 2014, Oracle.  All rights reserved.

SQL> conn Abhi/Abhi;
Connected.
SQL> CREATE TABLE Emply (  Emp_ID INT NOT NULL,  Emp_Name VARCHAR(50) NOT NULL,  job VARCHAR(50),  Manager VARCHAR(50),  Hire_Date DATE,  Salary DECIMAL(10,2),  Commission DECIMAL(10,2),  Dept VARCHAR(50),  PRIMARY KEY (Emp_ID));

Table created.

SQL> insert into Emply values(7499,'ALLEN','SALESMAN',7698,'20-FEB-81',1600,300,30);

1 row created.

SQL> insert into Emply values(7521,'WARD','SALESMAN',7698,'22-FEB-81',1250,500,30);

1 row created.

SQL> insert into Emply values(7566,'JONES','MANAGER',7839,'02-APR-81',2975,Null,20);

1 row created.

SQL>  insert into Emply values(7654,'MARTIN','SALESMAN',7698,'28-SEP-81',1250,1400,30);

1 row created.

SQL> insert into Emply values(7698,'BLAKE','MANAGER',7839,'01-MAY-81',2850,Null,30);

1 row created.

SQL>  insert into Emply values(7782,'CLARK','MANAGER',7839,'09-JUN-81',2450,Null,10);

1 row created.

SQL>  insert into Emply values(7788,'SCOTT','ANALYST',7566,'09-NOV-81',3000,Null,20);

1 row created.

SQL> insert into Emply values(7839,'KING','PRESIDENT',Null,'17-NOV-81',5000,Null,10);

1 row created.

SQL> insert into Emply values(7844,'TURNER','SALESMAN',7698,'08-SEP-81',1500,0,30);

1 row created.

SQL> insert into Emply values(7876,'ADAMS','CLERK',7788,'23-SEP-81',1100,Null,20);

1 row created.

SQL> insert into Emply values(7900,'JAMES','CLERK',7698,'03-DEC-81',950,Null,30);

1 row created.

SQL> insert into Emply values(7902,'FORD','ANALYST',7566,'03-DEC-81',3000,Null,20);

1 row created.

SQL>  insert into Emply values(7934,'MILLER','CLERK',7782,'23-JAN-82',1300,Null,10);

1 row created.

SQL> select * from Emply;

    EMP_ID EMP_NAME
---------- --------------------------------------------------
JOB
--------------------------------------------------
MANAGER                                            HIRE_DATE    SALARY
-------------------------------------------------- --------- ----------
COMMISSION DEPT
---------- --------------------------------------------------
      7499 ALLEN
SALESMAN
7698                                               20-FEB-81      1600
       300 30


    EMP_ID EMP_NAME
---------- --------------------------------------------------
JOB
--------------------------------------------------
MANAGER                                            HIRE_DATE    SALARY
-------------------------------------------------- --------- ----------
COMMISSION DEPT
---------- --------------------------------------------------
      7521 WARD
SALESMAN
7698                                               22-FEB-81      1250
       500 30


    EMP_ID EMP_NAME
---------- --------------------------------------------------
JOB
--------------------------------------------------
MANAGER                                            HIRE_DATE    SALARY
-------------------------------------------------- --------- ----------
COMMISSION DEPT
---------- --------------------------------------------------
      7566 JONES
MANAGER
7839                                               02-APR-81      2975
           20


    EMP_ID EMP_NAME
---------- --------------------------------------------------
JOB
--------------------------------------------------
MANAGER                                            HIRE_DATE    SALARY
-------------------------------------------------- --------- ----------
COMMISSION DEPT
---------- --------------------------------------------------
      7654 MARTIN
SALESMAN
7698                                               28-SEP-81      1250
      1400 30


    EMP_ID EMP_NAME
---------- --------------------------------------------------
JOB
--------------------------------------------------
MANAGER                                            HIRE_DATE    SALARY
-------------------------------------------------- --------- ----------
COMMISSION DEPT
---------- --------------------------------------------------
      7698 BLAKE
MANAGER
7839                                               01-MAY-81      2850
           30


    EMP_ID EMP_NAME
---------- --------------------------------------------------
JOB
--------------------------------------------------
MANAGER                                            HIRE_DATE    SALARY
-------------------------------------------------- --------- ----------
COMMISSION DEPT
---------- --------------------------------------------------
      7782 CLARK
MANAGER
7839                                               09-JUN-81      2450
           10


    EMP_ID EMP_NAME
---------- --------------------------------------------------
JOB
--------------------------------------------------
MANAGER                                            HIRE_DATE    SALARY
-------------------------------------------------- --------- ----------
COMMISSION DEPT
---------- --------------------------------------------------
      7788 SCOTT
ANALYST
7566                                               09-NOV-81      3000
           20


    EMP_ID EMP_NAME
---------- --------------------------------------------------
JOB
--------------------------------------------------
MANAGER                                            HIRE_DATE    SALARY
-------------------------------------------------- --------- ----------
COMMISSION DEPT
---------- --------------------------------------------------
      7839 KING
PRESIDENT
                                                   17-NOV-81      5000
           10


    EMP_ID EMP_NAME
---------- --------------------------------------------------
JOB
--------------------------------------------------
MANAGER                                            HIRE_DATE    SALARY
-------------------------------------------------- --------- ----------
COMMISSION DEPT
---------- --------------------------------------------------
      7844 TURNER
SALESMAN
7698                                               08-SEP-81      1500
         0 30


    EMP_ID EMP_NAME
---------- --------------------------------------------------
JOB
--------------------------------------------------
MANAGER                                            HIRE_DATE    SALARY
-------------------------------------------------- --------- ----------
COMMISSION DEPT
---------- --------------------------------------------------
      7876 ADAMS
CLERK
7788                                               23-SEP-81      1100
           20


    EMP_ID EMP_NAME
---------- --------------------------------------------------
JOB
--------------------------------------------------
MANAGER                                            HIRE_DATE    SALARY
-------------------------------------------------- --------- ----------
COMMISSION DEPT
---------- --------------------------------------------------
      7900 JAMES
CLERK
7698                                               03-DEC-81       950
           30


    EMP_ID EMP_NAME
---------- --------------------------------------------------
JOB
--------------------------------------------------
MANAGER                                            HIRE_DATE    SALARY
-------------------------------------------------- --------- ----------
COMMISSION DEPT
---------- --------------------------------------------------
      7902 FORD
ANALYST
7566                                               03-DEC-81      3000
           20


    EMP_ID EMP_NAME
---------- --------------------------------------------------
JOB
--------------------------------------------------
MANAGER                                            HIRE_DATE    SALARY
-------------------------------------------------- --------- ----------
COMMISSION DEPT
---------- --------------------------------------------------
      7934 MILLER
CLERK
7782                                               23-JAN-82      1300
           10


13 rows selected.

SQL> commit;

Commit complete.

SQL> SELECT Hire_Date FROM Emply WHERE Dept IN (20, 30);

HIRE_DATE
---------
20-FEB-81
22-FEB-81
02-APR-81
28-SEP-81
01-MAY-81
09-NOV-81
08-SEP-81
23-SEP-81
03-DEC-81
03-DEC-81

10 rows selected.

SQL> SELECT * FROM Emply WHERE Job = 'ANALYST';

    EMP_ID EMP_NAME
---------- --------------------------------------------------
JOB
--------------------------------------------------
MANAGER                                            HIRE_DATE    SALARY
-------------------------------------------------- --------- ----------
COMMISSION DEPT
---------- --------------------------------------------------
      7788 SCOTT
ANALYST
7566                                               09-NOV-81      3000
           20


    EMP_ID EMP_NAME
---------- --------------------------------------------------
JOB
--------------------------------------------------
MANAGER                                            HIRE_DATE    SALARY
-------------------------------------------------- --------- ----------
COMMISSION DEPT
---------- --------------------------------------------------
      7902 FORD
ANALYST
7566                                               03-DEC-81      3000
           20


SQL> SELECT DISTINCT Job FROM Emply;

JOB
--------------------------------------------------
SALESMAN
CLERK
PRESIDENT
MANAGER
ANALYST

SQL> SELECT DISTINCT Job FROM Emply;

JOB
--------------------------------------------------
SALESMAN
CLERK
PRESIDENT
MANAGER
ANALYST

SQL> SELECT Emp_ID, Salary FROM Emply WHERE Emp_Name LIKE '%e%' AND Emp_Name LIKE '%l%';

no rows selected

SQL> SELECT * FROM Emply WHERE Commission IS NULL;

    EMP_ID EMP_NAME
---------- --------------------------------------------------
JOB
--------------------------------------------------
MANAGER                                            HIRE_DATE    SALARY
-------------------------------------------------- --------- ----------
COMMISSION DEPT
---------- --------------------------------------------------
      7566 JONES
MANAGER
7839                                               02-APR-81      2975
           20


    EMP_ID EMP_NAME
---------- --------------------------------------------------
JOB
--------------------------------------------------
MANAGER                                            HIRE_DATE    SALARY
-------------------------------------------------- --------- ----------
COMMISSION DEPT
---------- --------------------------------------------------
      7698 BLAKE
MANAGER
7839                                               01-MAY-81      2850
           30


    EMP_ID EMP_NAME
---------- --------------------------------------------------
JOB
--------------------------------------------------
MANAGER                                            HIRE_DATE    SALARY
-------------------------------------------------- --------- ----------
COMMISSION DEPT
---------- --------------------------------------------------
      7782 CLARK
MANAGER
7839                                               09-JUN-81      2450
           10


    EMP_ID EMP_NAME
---------- --------------------------------------------------
JOB
--------------------------------------------------
MANAGER                                            HIRE_DATE    SALARY
-------------------------------------------------- --------- ----------
COMMISSION DEPT
---------- --------------------------------------------------
      7788 SCOTT
ANALYST
7566                                               09-NOV-81      3000
           20


    EMP_ID EMP_NAME
---------- --------------------------------------------------
JOB
--------------------------------------------------
MANAGER                                            HIRE_DATE    SALARY
-------------------------------------------------- --------- ----------
COMMISSION DEPT
---------- --------------------------------------------------
      7839 KING
PRESIDENT
                                                   17-NOV-81      5000
           10


    EMP_ID EMP_NAME
---------- --------------------------------------------------
JOB
--------------------------------------------------
MANAGER                                            HIRE_DATE    SALARY
-------------------------------------------------- --------- ----------
COMMISSION DEPT
---------- --------------------------------------------------
      7876 ADAMS
CLERK
7788                                               23-SEP-81      1100
           20


    EMP_ID EMP_NAME
---------- --------------------------------------------------
JOB
--------------------------------------------------
MANAGER                                            HIRE_DATE    SALARY
-------------------------------------------------- --------- ----------
COMMISSION DEPT
---------- --------------------------------------------------
      7900 JAMES
CLERK
7698                                               03-DEC-81       950
           30


    EMP_ID EMP_NAME
---------- --------------------------------------------------
JOB
--------------------------------------------------
MANAGER                                            HIRE_DATE    SALARY
-------------------------------------------------- --------- ----------
COMMISSION DEPT
---------- --------------------------------------------------
      7902 FORD
ANALYST
7566                                               03-DEC-81      3000
           20


    EMP_ID EMP_NAME
---------- --------------------------------------------------
JOB
--------------------------------------------------
MANAGER                                            HIRE_DATE    SALARY
-------------------------------------------------- --------- ----------
COMMISSION DEPT
---------- --------------------------------------------------
      7934 MILLER
CLERK
7782                                               23-JAN-82      1300
           10


9 rows selected.

SQL> SELECT MAX(Salary) AS "Highest Salary", MIN(Salary) AS "Lowest Salary" FROM Emply;

Highest Salary Lowest Salary
-------------- -------------
          5000           950

SQL> SELECT Emp_ID, Emp_Name, Salary FROM Emply WHERE Job = 'SALESMAN';

    EMP_ID EMP_NAME
 SALARY
---------- -------------------------------------------------- ----------
      7499 ALLEN
   1600
      7521 WARD
   1250
      7654 MARTIN
   1250
      7844 TURNER
   1500



SQL> SELECT * FROM Emply WHERE Salary = (SELECT MIN(Salary) FROM EMP);

    EMP_ID EMP_NAME
---------- --------------------------------------------------
JOB
--------------------------------------------------
MANAGER                                            HIRE_DATE    SALARY
-------------------------------------------------- --------- ----------
COMMISSION DEPT
---------- --------------------------------------------------
      7499 ALLEN
SALESMAN
7698                                               20-FEB-81      1600
       300 30


    EMP_ID EMP_NAME
---------- --------------------------------------------------
JOB
--------------------------------------------------
MANAGER                                            HIRE_DATE    SALARY
-------------------------------------------------- --------- ----------
COMMISSION DEPT
---------- --------------------------------------------------
      7521 WARD
SALESMAN
7698                                               22-FEB-81      1250
       500 30


    EMP_ID EMP_NAME
---------- --------------------------------------------------
JOB
--------------------------------------------------
MANAGER                                            HIRE_DATE    SALARY
-------------------------------------------------- --------- ----------
COMMISSION DEPT
---------- --------------------------------------------------
      7566 JONES
MANAGER
7839                                               02-APR-81      2975
           20


    EMP_ID EMP_NAME
---------- --------------------------------------------------
JOB
--------------------------------------------------
MANAGER                                            HIRE_DATE    SALARY
-------------------------------------------------- --------- ----------
COMMISSION DEPT
---------- --------------------------------------------------
      7654 MARTIN
SALESMAN
7698                                               28-SEP-81      1250
      1400 30


    EMP_ID EMP_NAME
---------- --------------------------------------------------
JOB
--------------------------------------------------
MANAGER                                            HIRE_DATE    SALARY
-------------------------------------------------- --------- ----------
COMMISSION DEPT
---------- --------------------------------------------------
      7698 BLAKE
MANAGER
7839                                               01-MAY-81      2850
           30


    EMP_ID EMP_NAME
---------- --------------------------------------------------
JOB
--------------------------------------------------
MANAGER                                            HIRE_DATE    SALARY
-------------------------------------------------- --------- ----------
COMMISSION DEPT
---------- --------------------------------------------------
      7782 CLARK
MANAGER
7839                                               09-JUN-81      2450
           10


    EMP_ID EMP_NAME
---------- --------------------------------------------------
JOB
--------------------------------------------------
MANAGER                                            HIRE_DATE    SALARY
-------------------------------------------------- --------- ----------
COMMISSION DEPT
---------- --------------------------------------------------
      7788 SCOTT
ANALYST
7566                                               09-NOV-81      3000
           20


    EMP_ID EMP_NAME
---------- --------------------------------------------------
JOB
--------------------------------------------------
MANAGER                                            HIRE_DATE    SALARY
-------------------------------------------------- --------- ----------
COMMISSION DEPT
---------- --------------------------------------------------
      7839 KING
PRESIDENT
                                                   17-NOV-81      5000
           10


    EMP_ID EMP_NAME
---------- --------------------------------------------------
JOB
--------------------------------------------------
MANAGER                                            HIRE_DATE    SALARY
-------------------------------------------------- --------- ----------
COMMISSION DEPT
---------- --------------------------------------------------
      7844 TURNER
SALESMAN
7698                                               08-SEP-81      1500
         0 30


    EMP_ID EMP_NAME
---------- --------------------------------------------------
JOB
--------------------------------------------------
MANAGER                                            HIRE_DATE    SALARY
-------------------------------------------------- --------- ----------
COMMISSION DEPT
---------- --------------------------------------------------
      7876 ADAMS
CLERK
7788                                               23-SEP-81      1100
           20


    EMP_ID EMP_NAME
---------- --------------------------------------------------
JOB
--------------------------------------------------
MANAGER                                            HIRE_DATE    SALARY
-------------------------------------------------- --------- ----------
COMMISSION DEPT
---------- --------------------------------------------------
      7900 JAMES
CLERK
7698                                               03-DEC-81       950
           30


    EMP_ID EMP_NAME
---------- --------------------------------------------------
JOB
--------------------------------------------------
MANAGER                                            HIRE_DATE    SALARY
-------------------------------------------------- --------- ----------
COMMISSION DEPT
---------- --------------------------------------------------
      7902 FORD
ANALYST
7566                                               03-DEC-81      3000
           20


    EMP_ID EMP_NAME
---------- --------------------------------------------------
JOB
--------------------------------------------------
MANAGER                                            HIRE_DATE    SALARY
-------------------------------------------------- --------- ----------
COMMISSION DEPT
---------- --------------------------------------------------
      7934 MILLER
CLERK
7782                                               23-JAN-82      1300
           10


13 rows selected.

SQL> SELECT * FROM Emply WHERE Manager = 7698 AND Commission = (SELECT MAX(Commission) FROM Emply WHERE Manager = 7698);

    EMP_ID EMP_NAME
---------- --------------------------------------------------
JOB
--------------------------------------------------
MANAGER                                            HIRE_DATE    SALARY
-------------------------------------------------- --------- ----------
COMMISSION DEPT
---------- --------------------------------------------------
      7654 MARTIN
SALESMAN
7698                                               28-SEP-81      1250
      1400 30


SQL> SELECT SUM(Salary) FROM Emply WHERE Manager = 7839;

SUM(SALARY)
-----------
       8275

SQL> SELECT Dept, AVG(Salary) AS "Average Salary" FROM Emply GROUP BY Dept;

DEPT                                               Average Salary
-------------------------------------------------- --------------
20                                                        2518.75
10                                                     2916.66667
30                                                     1566.66667

SQL> SELECT Dept, AVG(Salary) AS "Average Salary" FROM Emply GROUP BY Dept HAVING AVG(Salary) > 2000;

DEPT                                               Average Salary
-------------------------------------------------- --------------
20                                                        2518.75
10                                                     2916.66667

SQL> SELECT Dept, AVG(Salary) AS "Average Salary" FROM Emply WHERE Salary > 2000 GROUP BY Dept;

DEPT                                               Average Salary
-------------------------------------------------- --------------
20                                                     2991.66667
10                                                           3725
30                                                           2850

SQL> SELECT Dept, AVG(Salary) AS "Average Salary" FROM Emply WHERE Salary > 2000 GROUP BY Dept HAVING AVG(Salary) > 2000;

DEPT                                               Average Salary
-------------------------------------------------- --------------
20                                                     2991.66667
10                                                           3725
30                                                           2850

SQL> commit;

Commit complete.
